<?xml version="1.0" encoding="UTF-8"?>
<application xmlns="http://java.sun.com/xml/ns/javaee" xmlns:xsi="http://www.w3.org/2001/XMLSchema-instance" xsi:schemaLocation="http://java.sun.com/xml/ns/javaee http://java.sun.com/xml/ns/javaee/application_6.xsd" version="6">
  <description>DayTrader Stock Trading Performance Benchmark Sample</description>
  <display-name>DayTrader EE6</display-name>
  <module id="Module_1500991637931">
    <web>
      <web-uri>web.war</web-uri>
      <context-root>/daytrader</context-root>
    </web>
  </module>
  <module id="Module_1500991637979">
    <ejb>dt-ejb.jar</ejb>
  </module>
  <module id="Module_1500991637760">
  	<web>
  		<web-uri>Rest.war</web-uri>
  		<context-root>rest</context-root>
  	</web>
  </module>
</application>